rank,tconst,primaryTitle,originalTitle,startYear,kind
21,tt0121220,Dragon Ball Z,Dragon Ball Z: Doragon bôru zetto,1989,missing
30,tt0088509,Dragon Ball,Dragon Ball: Doragon bôru,1986,missing
190,tt5847454,Berserk,Beruseruku,2016,missing
199,tt0103369,Sailor Moon,Bishôjo senshi Sêrâ Mûn,1992,missing
253,tt0328738,Fruits Basket,Fruits Basket,2001,missing
292,tt4083422,Doraemon,Doraemon,2005,missing
347,tt32766897,Ranma ½,Ranma ½,2024,missing
459,tt22249034,Rurouni Kenshin,Rurôni Kenshin: Meiji kenkaku romantan,2023,missing
486,tt12502782,Shaman King,Shâman Kingu,2021,missing
492,tt7784442,Captain Tsubasa,Captain Tsubasa,2018,missing
600,tt4834194,Yu-Gi-Oh!,Yu-Gi-Oh!,1998,missing
641,tt0096685,Ranma ½,Ranma ½: Nettô-hen,1989,missing
765,tt1032831,Doraemon,Doraemon,1973,missing
1009,tt6427166,Descending Stories: Showa Genroku Rakugo Shinju,Shouwa Genroku Rakugo Shinjuu: Sukeroku Futatabi-hen,2017,missing
1058,tt0124228,Astro Boy,Shin Tetsuwan Atom,1980,missing
1120,tt11645760,Digimon Adventure:,Digimon Adventure,2020,missing
1184,tt1661629,Perman,Paa-man,1967,missing
1195,tt22759504,The Quintessential Quintuplets,Gotoubun no Hanayome~,2023,missing
1312,tt1208358,Blade of the Immortal,Mugen no jûnin,2008,missing
1353,tt0387719,Astro Boy,Astro Boy tetsuwan atomu,2003,missing
1612,tt0157222,Dr. Slump,Dokutâ Surampu,1997,missing
1672,tt0158415,Vampire Princess Miyu,Kyûketsuhime Miyu,1997,missing
1694,tt0288355,Devilman,Debiruman,1972,missing
1887,tt1985378,Dororo,Dororo,1968,missing
2045,tt11349866,Sorcerous Stabber Orphen,Sorcerous Stabber Orphen,2020,missing
2170,tt0220205,Chibi Maruko-chan,Chibi Maruko-chan,1995,missing
2324,tt7768502,Shin Chan,Shin Chan,2002,missing
2387,tt34710525,Cat's Eye,Kyattsu Ai,2025,missing
2433,tt0233780,Gatchaman,Kagaku ninja tai Gatchaman,1994,missing
2460,tt1223625,Kanon,Kanon,2002,missing
2524,tt0387702,Yu Yu Hakusho: Eizou Hakusho,Yû yû hakusho: eizô hakusho,1994,missing
2541,tt1256124,Area 88,Eria 88,2004,missing
2839,tt0142909,Astro Boy,Tetsuwan atomu,1963,missing
2900,tt10245786,You're Under Arrest!,Taiho shichauzo!,1994,missing
2981,tt0294091,Glass Mask,Garasu no kamen,1984,missing
3091,tt33503859,Grisaia Phantom Trigger,Gurizaia: Fuantomu Torigaa THE ANIMATION,2025,missing
3120,tt0414813,All Purpose Cultural Cat Girl Nuku Nuku,Bannô bunka nekomusume TV,1998,missing
3288,tt7150338,Black Jack,Black Jack,2004,missing
3296,tt0188359,Cyborg 009,Saibôgu 009,1968,missing
3482,tt1659950,Mûmin,Mûmin,1972,missing
3576,tt4663952,Hello Kitty's Paradise,Kitizu paradaisu,1993,missing
3585,tt12623320,Ushio & Tora,Ushio & Tora,1992,missing
3587,tt4730606,Osomatsu-kun,Osomatsu-kun,1988,missing
3674,tt0189270,Spooky Kitaro,Gegege no Kitarô,1985,missing
3707,tt7768578,Shin Chan,Shin Chan,2003,missing
3757,tt1172097,Spooky Kitaro,Gegege no Kitarô,2007,missing
3767,tt0288992,"Sally, the Witch",Mahô tsukai Sarî,1989,missing
3784,tt0189271,Spooky Kitaro,Gegege no Kitarô,1996,missing
3840,tt11724248,Wish Upon the Pleiades,Houkago no Pleiades,2015,missing
3927,tt0251729,Akko's Secret,Himitsu no Akko-chan,1998,missing
3937,tt16319160,Humanoid Monster Bem,Yôkai ningen Bem,2006,missing
3993,tt0202753,Starship Girl Yamamoto Yohko,Soreyuke! Uchû senkan Yamamoto Yôko,1999,missing
4019,tt2331083,Stratos 4,Stratos 4,2004,missing
4140,tt15843224,CardCaptors,CardCaptors,2000,missing
4239,tt16493890,Panzer World Galient,Kiko kai garian,1986,missing
4326,tt32813343,Magic Knight Rayearth,Magic Knight Rayearth,2026,missing
4332,tt35721958,Black Jack,Black Jack,2001,missing
4360,tt45373165,Sgt. Frog,Keroro Gunsô,2026,missing
42,tt0168366,Pokémon,Poketto monsutâ,1997,nonascii
419,tt3218680,Pokémon Origins,Poketto monsutâ Ji Orijin,2013,nonascii
432,tt26916286,Pokémon Concierge,Pokemon Konsheruju,2023,nonascii
757,tt26692417,Pokémon Horizons: The Series,Pokettomonsutâ,2023,nonascii
863,tt27250301,Ôoku: The Inner Chambers,Ôoku,2023,nonascii
1070,tt6071336,Pokémon Generations,Pokémon Generations,2016,nonascii
1138,tt11585770,Haikyû!! Riku Tai Kû,Haikyû!! Riku Tai Kû,2020,nonascii
1231,tt1278254,ChäoS;HEAd,Kaosu heddo,2008,nonascii
1276,tt1294022,Pokémon Chronicles,Poketto monsutâ: Saido sutôrî,1998,nonascii
1359,tt21970564,Pokémon: The Arceus Chronicles,Poketto monsutâ: Kami to yobareshi aruseusu,2022,nonascii
1389,tt3462310,Manga Mito Kômon,Manga Mito Kômon,1981,nonascii
1411,tt35437319,The Too-Perfect Saint: Tossed Aside by My Fiancé and Sold to Another Kingdom,Kanpeki Sugite Kawaige ga Nai to Konyaku Haki Sareta Seijo wa Ringoku ni Urareru,2025,nonascii
1458,tt4778940,Ranma ½ OVA,Ranma Nibun no Ichi,1993,nonascii
1567,tt1516239,Kämpfer,Kenpufâ,2009,nonascii
1801,tt11547516,Pokémon: Twilight Wings,Hakumei no Tsubasa,2020,nonascii
1821,tt15356258,Pokémon Evolutions,Pokémon Evolutions,2021,nonascii
1841,tt3657074,Pokémon: Mega Evolution,Poketto monsutâ XY: Mega Evolution,2014,nonascii
1946,tt0429414,Prétear,Pretear,2001,nonascii
1956,tt0498436,Haré+Guu,Janguru wa itsumo hare nochi Guu,2001,nonascii
2011,tt0331154,Tenchi Muyô! GXP,Tenchi Muyô! GXP,2002,nonascii
2098,tt0204443,Kyô kara Ore wa!!,Kyô kara Ore wa!!,1994,nonascii
2200,tt2552188,Senyû.,Senyû.,2013,nonascii
2243,tt1409058,Guin sâga,Guin sâga,2009,nonascii
2254,tt3105504,Kyôsôgiga,Kyôsôgiga,2013,nonascii
2271,tt0224534,Oh! Sûpâ Miruku-chan,Oh! Sûpâ Miruku-chan,1998,nonascii
2287,tt10240056,Saint Seiya: Saintia Shô,Seinto Seiya: Seintia Shô,2018,nonascii
2383,tt19848562,Pokémon: Hisuian Snow,Pokémon: Hisuian Snow,2022,nonascii
2394,tt0841963,MÄR: Märchen Awakens Romance,Meru hevun,2005,nonascii
2457,tt11147864,Oshi ga Budôkan ittekuretara shinu,Oshi ga Budôkan ittekuretara shinu,2020,nonascii
2499,tt2230531,Senki Zesshô Shinfogia,Senki Zesshô Shinfogia,2012,nonascii
2515,tt2073864,C³: C Cube,C³: C Cube,2011,nonascii
2537,tt4845764,Sôya monogatari,Sôya monogatari,1984,nonascii
2560,tt0462650,Madô kingu Granzort,Madô kingu Granzort,1989,nonascii
2591,tt0306365,Nintama Rantarô,Nintama Rantarô,1993,nonascii
2597,tt0169928,Fushigi Yûgi: The Mysterious Play - Reflections OAV 2,Fushigi Yûgi: The Mysterious Play - Reflections OAV 2,1997,nonascii
2675,tt3752494,Goku sayonara zetsubô sensei,Goku sayonara zetsubô sensei,2008,nonascii
2679,tt0286637,Fushigi Yûgi: The Mysterious Play - Eikoden,Fushigi Yûgi: The Mysterious Play - Reflections OAV 3,2001,nonascii
2711,tt12471116,Pokétoon,Pokétoon,2020,nonascii
2733,tt1190620,Kenkô zenrakei suieibu umishô,Kenkô zenrakei suieibu umishô,2007,nonascii
2753,tt0169927,Fushigi Yûgi: The Mysterious Play OVA 1,Fushigi Yûgi: Memories First OAV,1996,nonascii
2825,tt3209190,Neppû Kairiku Bushi Road,Neppû Kairiku Bushi Road,2013,nonascii
2888,tt3779860,Nozo × Kimi,Nozo x Kimi,2014,nonascii
2894,tt2660634,Zan sayonara zetsubô sensei bangai-chi,Zan sayonara zetsubô sensei bangai-chi,2009,nonascii
2933,tt29604743,Pokémon: Paldean Winds,Pokémon: Paldean Winds,2023,nonascii
2950,tt1987179,La croisée dans un labyrinthe étranger,Ikoku Meiro no Croisée,2011,nonascii
2962,tt0292846,Sôryûden,Sôryûden,1991,nonascii
2979,tt8893624,Nekojiru gekijô - jirujiru Original,Nekojiru gekijô - jirujiru Original,1999,nonascii
3078,tt7062100,Genshi shônen Ryû,Genshi shônen Ryû,1971,nonascii
3089,tt1277981,Koihime musô,Koihime musô,2008,nonascii
3162,tt1216157,Monokurômu fakutâ,Monokurômu fakutâ,2008,nonascii
3201,tt1659949,Mûmin,Mûmin,1969,nonascii
3227,tt0495361,Kidô senshi Gundam Seed MSV Astray,Kidô senshi Gundam Seed MSV Astray,2004,nonascii
3233,tt7839458,Mahôjin guru guru,Mahôjin guru guru,2017,nonascii
3298,tt0981248,Renkin Sankyû Magical? Pokân,Renkin Sankyû Magical? Pokân,2006,nonascii
3302,tt38267477,BanG Dream! YUME∞MITA,BanG Dream! YumeMita,2026,nonascii
3306,tt0142908,Tetsujin nijûhachi-go,Tetsujin nijûhachi-go,1963,nonascii
3334,tt5287462,DNA²: Dokokade nakushita aitsu no aitsu,DNA²: Dokokade nakushita aitsu no aitsu,1995,nonascii
3337,tt0997313,Sasami mahô shôjo kurabu,Sasami mahô shôjo kurabu,2006,nonascii
3376,tt1160834,Hatenkô yûgi,Hatenkô yûgi,2008,nonascii
3387,tt0449721,Haikara-san ga tôru,Haikara-san ga tôru,1978,nonascii
3409,tt32832433,Tôhai ~Ura Rêto Mâjan Tôhai Roku~,Tôhai ~Ura Rêto Mâjan Tôhai Roku~,2024,nonascii
3483,tt2011083,Katteni Kaizô,Katteni Kaizô,2011,nonascii
3495,tt1515994,Shin Koihime musô,Shin Koihime musô,2009,nonascii
3535,tt2615692,Hidamari Sketch × Honeycomb,Hidamari Suketchi x Hanikamu,2012,nonascii
3564,tt0889540,Tsuyokiss: Cool×Sweet,Tsuyokiss: Cool×Sweet,2006,nonascii
3581,tt0294103,Hâi sureppu Jun,Hâi sureppu Jun,1985,nonascii
3588,tt5506866,Onsen yôsei Hakone-chan,Onsen yôsei Hakone-chan,2015,nonascii
3590,tt6323354,Bakusô Kyôdai Let's & Go MAX,Bakusô Kyôdai Let's & Go MAX,1998,nonascii
3595,tt1529737,Mirai shônen Konan 2 - Taiga daibôken,Mirai shônen Konan 2 - Taiga daibôken,1999,nonascii
3608,tt0430840,Mahô shôjo neko Taruto,Mahô shôjo neko Taruto,2001,nonascii
3623,tt1356888,Sora o miageru shôjo no hitomi ni utsuru sekai,Sora o miageru shôjo no hitomi ni utsuru sekai,2009,nonascii
3634,tt0907604,Damekko dôbutsu,Damekko dôbutsu,2005,nonascii
3651,tt0963017,Onmyô taisenki,Onmyô taisenki,2004,nonascii
3681,tt1471851,Gôru FH,Gôru FH,1994,nonascii
3683,tt1636704,Shin Koihime musô: Otome tairan,Shin Koihime musô: Otome tairan,2010,nonascii
3685,tt1750905,Moshi koukou yakyuu no joshi manêjâ ga Dorakkâ no 'Manejimento' wo yondara,Moshi koukou yakyuu no joshi manêjâ ga Dorakkâ no 'Manejimento' wo yondara,2011,nonascii
3691,tt9845246,Sûpâ Shiro,Sûpâ Shiro,2019,nonascii
3701,tt1194637,Omer et le fils de l'étoile,Omer et le fils de l'étoile,1992,nonascii
3708,tt8393838,Pokémon Ranger: Guardian Signs,Pokémon Ranger: Guardian Signs,2010,nonascii
3725,tt0142214,Brave of the Legend Da・Garn,Densetsu no yûsha Da Garn,1992,nonascii
3758,tt1468259,GA: Geijutsuka âto dezain kurasu,GA: Geijutsuka âto dezain kurasu,2009,nonascii
3807,tt0101105,Genji Tsûshin Agedama,Genji Tsûshin Agedama,1991,nonascii
3828,tt3425232,Gaiking: Legend of Daikû Maryû,Gaiking: Legend of Daikû Maryû,2005,nonascii
3874,tt0465860,Récré A2,Récré A2,1978,nonascii
3893,tt1253091,Môretsu atarô,Môretsu atarô,1969,nonascii
3898,tt2414994,Chô Soku Henkei Gyrozetter,Chô Soku Henkei Gyrozetter,2012,nonascii
3944,tt3477110,Majikaru Tarurûto-kun,Majikaru Tarurûto-kun,1990,nonascii
3946,tt4038636,Akadô Suzunosuke,Akadô Suzunosuke,1972,nonascii
3974,tt0168349,Meiken rasshî,Meiken rasshî,1996,nonascii
3975,tt0320896,Nangoku shônen Papuwa-kun,Nangoku shônen Papuwa-kun,1992,nonascii
4013,tt1138016,Ayumayu gekijô,Ayumayu gekijô,2006,nonascii
4023,tt4164500,Weiß Kreuz: OVA,Weiß Kreuz: OVA,1999,nonascii
4027,tt0286937,Saramandâ basikku saga meiso no Peora,Saramandâ basikku saga meiso no Peora,1987,nonascii
4054,tt3465006,Yôkaiden: Nekome Kozô,Yôkaiden: Nekome Kozô,1976,nonascii
4070,tt3982472,Hareluya II BØY,Hareluya II BØY,1997,nonascii
4074,tt0988811,Animaru yokochô,Animaru yokochô,2005,nonascii
4092,tt0348481,Yûkan club,Yûkan club,1992,nonascii
4101,tt1394293,Saishû shiken kujira,Saishû shiken kujira,2007,nonascii
4104,tt2382224,Kidô shinsengumi: Moe yo ken,Kidô shinsengumi: Moe yo ken,2003,nonascii
4131,tt5824736,Shônen Ashibe GO! GO! Goma-chan,Shônen Ashibe GO! GO! Goma-chan,2016,nonascii
4133,tt0991058,"Lime-iro Ryûkitan X Cross: Koi, Oshiete Kudasai","Lime-iro Ryûkitan X Cross: Koi, Oshiete Kudasai",2005,nonascii
4150,tt0242046,Tiger-Striped Mî,Torajima no Mî me,1999,nonascii
4182,tt3005212,Maji de otaku na ingurisshu! Ribon-chan: Eigo de tatakau mahô shôjo,Maji de otaku na ingurisshu! Ribon-chan: Eigo de tatakau mahô shôjo,2012,nonascii
4193,tt3859398,Chôriki Robo Galatt,Chôriki Robo Galatt,1984,nonascii
4201,tt2209521,Shiawase-sô no Okojo-san,Shiawase-sô no Okojo-san,2001,nonascii
4208,tt4523036,Hâi Akko desu,Hâi Akko desu,1988,nonascii
4228,tt3425836,Shinseikiden Mâzu,Shinseikiden Mâzu,2002,nonascii
4234,tt10053796,Urikupen Kyûjotai,Urikupen Kyûjotai,1974,nonascii
4242,tt2263353,Kakyûsei 2: Hitomi no naka no shôjo-tachi,Kakyûsei 2: Hitomi no naka no shôjo-tachi,2004,nonascii
4247,tt3458044,Manga Nihon keizai nyûmon,Manga Nihon keizai nyûmon,1987,nonascii
4252,tt7024000,Midoriyama kôkô Kôshien-hen,Midoriyama kôkô Kôshien-hen,1989,nonascii
4262,tt1666726,Sukaiyâzu 5,Sukaiyâzu 5,1971,nonascii
4268,tt3893962,Gô-Q-Chôji Ikkiman,Gô-Q-Chôji Ikkiman,1986,nonascii
4273,tt1633596,Komatsu sakyô anime gekijô,Komatsu sakyô anime gekijô,1989,nonascii
4282,tt4004606,Jîn daibâ,Jîn daibâ,1994,nonascii
4308,tt0963612,Omoikkiri kagaku adobenchâ sô nan da!,Omoikkiri kagaku adobenchâ sô nan da!,2003,nonascii
4339,tt3887656,Sû kyatto,Sû kyatto,1980,nonascii
4343,tt39289445,Ninjago: Techtombázis,Ninjago: Techtombázis,2025,nonascii
4346,tt39395275,Doragon Bôru Sûpâ Birusu,Doragon Bôru Sûpâ Birusu,2026,nonascii
4348,tt4049578,Meimon! Daisan yakyû-bu,Meimon! Daisan yakyû-bu,1988,nonascii
4340,tt38937647,"Caged Princess, Moonlit Vows","Caged Princess, Moonlit Vows",2025,sample
2484,tt4219136,THE IDOLM@STER CINDERELLA GIRLS,Aidorumasutâ Shinderera Gâruzu,2014,sample
1808,tt7161218,ID-0,ID-0,2017,sample
3341,tt12826646,Obotchamakun,Obotchamakun,1989,sample
3224,tt5340982,Digimon Xros Wars: The Evil Death Generals and the Seven Kingdoms,Dejimon Kurosu Wôzu: Aku no Desu Jeneraru to Nanajin no Oukoku,2011,sample
3105,tt8755254,Hangyakusei Million Arthur,Hangyakusei Million Arthur,2018,sample
2625,tt0433717,Someday's Dreamers,Mahô tsukai ni taisetsu na koto,2003,sample
2396,tt0168354,Tico & Friends,Nanatsu no umi no Tiko,1994,sample
4156,tt16270300,Hanabi-chan wa Okure-gachi,Hanabi-chan wa Okure-gachi,2022,sample
2293,tt9198184,Eromanga Sensei OVA,Eromanga Sensei OVA,2019,sample
4248,tt35475804,Nadia: The Secret of Blue Water Specials,Nadia: The Secret of Blue Water Specials,1991,sample
3825,tt25051156,Lee's Detective Agency,Lee Shi Zhentan Shiwusuo,2022,sample
1884,tt0168351,Lucy-May of the Southern Rainbow,Minami no niji no rûshî,1982,sample
1866,tt0145104,Teenage Mutant Ninja Turtles: Legend of the Supermutants,Mutant Turtles: Chôjin Densetsu-hen,1996,sample
2342,tt0272299,Sol Bianca: The Legacy,Sol Bianca: The Legacy,1999,sample
3079,tt0258346,DinoZaurs,DinoZaurs,2000,sample
3170,tt0288988,"Persia, the Magic Fairy",Mahô no yousei Persia,1984,sample
4051,tt2309390,Yurumate3Dei,Yurumate3Dei,2012,sample
4274,tt1840049,Monoshiri Yakata,Monoshiri Yakata,1975,sample
1835,tt6050174,Assassination Classroom: Koro-sensei Q!,Koro Sensei Kyû!,2016,sample
